,stadium,url,capacity,google_urls
0,19 Mayis,https://www.worldfootball.net/venues/19-mayis-ankara/,21250.0,https://www.google.com/search?q=19+Mayis+capacity
1,19 Mayis,https://www.worldfootball.net/venues/19-mayis-manisa/,20000.0,https://www.google.com/search?q=19+Mayis+capacity
2,25 de Abril,https://www.worldfootball.net/venues/25-de-abril-penafiel/,6500.0,https://www.google.com/search?q=25+de+Abril+capacity
3,4 Eylül,https://www.worldfootball.net/venues/4-eyluel-sivas/,18700.0,https://www.google.com/search?q=4+Eylül+capacity
4,5 Ocak Fatih Terim Stadyumu,https://www.worldfootball.net/venues/5-ocak-fatih-terim-stadyumu-adana/,16095.0,https://www.google.com/search?q=5+Ocak+Fatih+Terim+Stadyumu+capacity
5,AFAS-Stadion Achter de Kazerne,https://www.worldfootball.net/venues/afas-stadion-achter-de-kazerne-mechelen/,18477.0,https://www.google.com/search?q=AFAS-Stadion+Achter+de+Kazerne+capacity
6,Abbe Deschamps,https://www.worldfootball.net/venues/abbe-deschamps-auxerre/,23493.0,https://www.google.com/search?q=Abbe+Deschamps+capacity
7,Abbey Stadium,https://www.worldfootball.net/venues/abbey-stadium-cambridge/,9018.0,https://www.google.com/search?q=Abbey+Stadium+capacity
8,Adams Park,https://www.worldfootball.net/venues/adams-park-wycombe/,10000.0,https://www.google.com/search?q=Adams+Park+capacity
9,Akdeniz Üniversitesi Stadyumu,https://www.worldfootball.net/venues/akdeniz-ueniversitesi-stadyumu-antalya/,8037.0,https://www.google.com/search?q=Akdeniz+Üniversitesi+Stadyumu+capacity
10,Alberto Braglia,https://www.worldfootball.net/venues/alberto-braglia-modena/,20507.0,https://www.google.com/search?q=Alberto+Braglia+capacity
11,Alberto Picco,https://www.worldfootball.net/venues/alberto-picco-la-spezia/,10336.0,https://www.google.com/search?q=Alberto+Picco+capacity
12,Alfredo Di Stéfano,https://www.worldfootball.net/venues/alfredo-di-stefano-madrid/,9000.0,https://www.google.com/search?q=Alfredo+Di+Stéfano+capacity
13,Allianz Riviera,https://www.worldfootball.net/venues/allianz-riviera-nice/,35624.0,https://www.google.com/search?q=Allianz+Riviera+capacity
14,Altrad Stadium,https://www.worldfootball.net/venues/altrad-stadium-montpellier/,14700.0,https://www.google.com/search?q=Altrad+Stadium+capacity
15,Amex Stadium,https://www.worldfootball.net/venues/amex-stadium-brighton/,30750.0,https://www.google.com/search?q=Amex+Stadium+capacity
16,An der Alten Försterei,https://www.worldfootball.net/venues/an-der-alten-foersterei-berlin/,22012.0,https://www.google.com/search?q=An+der+Alten+Försterei+capacity
17,Angelo Massimino,https://www.worldfootball.net/venues/angelo-massimino-catania/,23420.0,https://www.google.com/search?q=Angelo+Massimino+capacity
18,Antalya Arena,https://www.worldfootball.net/venues/antalya-arena-antalya/,32537.0,https://www.google.com/search?q=Antalya+Arena+capacity
19,António Coimbra da Mota,https://www.worldfootball.net/venues/antonio-coimbra-da-mota-estoril/,18000.0,https://www.google.com/search?q=António+Coimbra+da+Mota+capacity
20,Arechi,https://www.worldfootball.net/venues/arechi-salerno/,37245.0,https://www.google.com/search?q=Arechi+capacity
21,Arena Garibaldi – Romeo Anconetani,https://www.worldfootball.net/venues/arena-garibaldi-romeo-anconetani-pisa/,16173.0,https://www.google.com/search?q=Arena+Garibaldi+–+Romeo+Anconetani+capacity
22,Armand Cesari,https://www.worldfootball.net/venues/armand-cesari-bastia/,17000.0,https://www.google.com/search?q=Armand+Cesari+capacity
23,Armando Picchi,https://www.worldfootball.net/venues/armando-picchi-livorno/,18200.0,https://www.google.com/search?q=Armando+Picchi+capacity
24,Artemio Franchi,https://www.worldfootball.net/venues/artemio-franchi-firenze/,47284.0,https://www.google.com/search?q=Artemio+Franchi+capacity
25,Artemio Franchi,https://www.worldfootball.net/venues/artemio-franchi-siena/,13500.0,https://www.google.com/search?q=Artemio+Franchi+capacity
26,Ashton Gate,https://www.worldfootball.net/venues/ashton-gate-bristol/,27000.0,https://www.google.com/search?q=Ashton+Gate+capacity
27,Atatürk,https://www.worldfootball.net/venues/atatuerk-bursa/,25231.0,https://www.google.com/search?q=Atatürk+capacity
28,Atatürk,https://www.worldfootball.net/venues/atatuerk-denizli/,15459.0,https://www.google.com/search?q=Atatürk+capacity
29,Atatürk Olimpiyat Stadı,https://www.worldfootball.net/venues/atatuerk-olimpiyat-stadi-istanbul/,76761.0,https://www.google.com/search?q=Atatürk+Olimpiyat+Stadı+capacity
30,Audi Sportpark,https://www.worldfootball.net/venues/audi-sportpark-ingolstadt/,15800.0,https://www.google.com/search?q=Audi+Sportpark+capacity
31,Auguste Delaune,https://www.worldfootball.net/venues/auguste-delaune-reims/,21684.0,https://www.google.com/search?q=Auguste+Delaune+capacity
32,Aveiro Municipal,https://www.worldfootball.net/venues/aveiro-municipal-aveiro/,30000.0,https://www.google.com/search?q=Aveiro+Municipal+capacity
33,BBBank Wildpark,https://www.worldfootball.net/venues/bbbank-wildpark-karlsruhe/,20740.0,https://www.google.com/search?q=BBBank+Wildpark+capacity
34,BWT-Stadion am Hardtwald,https://www.worldfootball.net/venues/bwt-stadion-am-hardtwald-sandhausen/,15414.0,https://www.google.com/search?q=BWT-Stadion+am+Hardtwald+capacity
35,Bahçeşehir Okulları Stadyumu,https://www.worldfootball.net/venues/bahcesehir-okullari-stadyumu-alanya/,10842.0,https://www.google.com/search?q=Bahçeşehir+Okulları+Stadyumu+capacity
36,Balıkesir Atatürk Stadyumu,https://www.worldfootball.net/venues/balikesir-atatuerk-stadyumu-balikesir/,15800.0,https://www.google.com/search?q=Balıkesir+Atatürk+Stadyumu+capacity
37,BayArena,https://www.worldfootball.net/venues/bayarena-leverkusen/,30210.0,https://www.google.com/search?q=BayArena+capacity
38,Benito Stirpe,https://www.worldfootball.net/venues/benito-stirpe-frosinone/,16125.0,https://www.google.com/search?q=Benito+Stirpe+capacity
39,Benito Villamarín,https://www.worldfootball.net/venues/benito-villamarin-sevilla/,60721.0,https://www.google.com/search?q=Benito+Villamarín+capacity
40,Bloomfield Road,https://www.worldfootball.net/venues/bloomfield-road-blackpool/,16000.0,https://www.google.com/search?q=Bloomfield+Road+capacity
41,Blundell Park,https://www.worldfootball.net/venues/blundell-park-cleethorpes/,10033.0,https://www.google.com/search?q=Blundell+Park+capacity
42,Bootham Crescent,https://www.worldfootball.net/venues/bootham-crescent-york/,9034.0,https://www.google.com/search?q=Bootham+Crescent+capacity
43,Bornova Aziz Kocaoğlu Stadyumu,https://www.worldfootball.net/venues/bornova-aziz-kocaoglu-stadyumu-izmir/,9138.0,https://www.google.com/search?q=Bornova+Aziz+Kocaoğlu+Stadyumu+capacity
44,Borussia-Park,https://www.worldfootball.net/venues/borussia-park-moenchengladbach/,54057.0,https://www.google.com/search?q=Borussia-Park+capacity
45,Bosuil,https://www.worldfootball.net/venues/bosuil-antwerp/,16649.0,https://www.google.com/search?q=Bosuil+capacity
46,Boundary Park,https://www.worldfootball.net/venues/boundary-park-oldham/,13624.0,https://www.google.com/search?q=Boundary+Park+capacity
47,Bramall Lane,https://www.worldfootball.net/venues/bramall-lane-sheffield/,33000.0,https://www.google.com/search?q=Bramall+Lane+capacity
48,Bremer Brücke,https://www.worldfootball.net/venues/bremer-bruecke-osnabrueck/,16000.0,https://www.google.com/search?q=Bremer+Brücke+capacity
49,Brisbane Road,https://www.worldfootball.net/venues/brisbane-road-leyton/,9241.0,https://www.google.com/search?q=Brisbane+Road+capacity
50,Brita-Arena,https://www.worldfootball.net/venues/brita-arena-wiesbaden/,13500.0,https://www.google.com/search?q=Brita-Arena+capacity
51,Broadfield Stadium,https://www.worldfootball.net/venues/broadfield-stadium-crawley/,6134.0,https://www.google.com/search?q=Broadfield+Stadium+capacity
52,Bruchwegstadion,https://www.worldfootball.net/venues/bruchwegstadion-mainz/,20300.0,https://www.google.com/search?q=Bruchwegstadion+capacity
53,Brunton Park,https://www.worldfootball.net/venues/brunton-park-carlisle/,16651.0,https://www.google.com/search?q=Brunton+Park+capacity
54,Bursa Metropolitan Stadium,https://www.worldfootball.net/venues/bursa-metropolitan-stadium-bursa/,43331.0,https://www.google.com/search?q=Bursa+Metropolitan+Stadium+capacity
55,Caledonian Stadium,https://www.worldfootball.net/venues/caledonian-stadium-inverness/,7200.0,https://www.google.com/search?q=Caledonian+Stadium+capacity
56,Campo de Fútbol de Vallecas,https://www.worldfootball.net/venues/campo-de-futbol-de-vallecas-madrid/,14505.0,https://www.google.com/search?q=Campo+de+Fútbol+de+Vallecas+capacity
57,Cappielow Park,https://www.worldfootball.net/venues/cappielow-park-greenock/,11000.0,https://www.google.com/search?q=Cappielow+Park+capacity
58,Cardiff City Stadium,https://www.worldfootball.net/venues/cardiff-city-stadium-cardiff/,33000.0,https://www.google.com/search?q=Cardiff+City+Stadium+capacity
59,Carlo Castellani,https://www.worldfootball.net/venues/carlo-castellani-empoli/,19847.0,https://www.google.com/search?q=Carlo+Castellani+capacity
60,Carlo Zecchini,https://www.worldfootball.net/venues/carlo-zecchini-grosseto/,10200.0,https://www.google.com/search?q=Carlo+Zecchini+capacity
61,Carlos Belmonte,https://www.worldfootball.net/venues/carlos-belmonte-albacete/,18000.0,https://www.google.com/search?q=Carlos+Belmonte+capacity
62,Carrow Road,https://www.worldfootball.net/venues/carrow-road-norwich/,27244.0,https://www.google.com/search?q=Carrow+Road+capacity
63,Cartagonova,https://www.worldfootball.net/venues/cartagonova-cartagena/,14500.0,https://www.google.com/search?q=Cartagonova+capacity
64,Central Park,https://www.worldfootball.net/venues/central-park-cowdenbeath/,4370.0,https://www.google.com/search?q=Central+Park+capacity
65,Chigwell Construction Stadium,https://www.worldfootball.net/venues/chigwell-construction-stadium-dagenham/,6078.0,https://www.google.com/search?q=Chigwell+Construction+Stadium+capacity
66,Cino e Lillo Del Duca,https://www.worldfootball.net/venues/cino-e-lillo-del-duca-ascoli/,20000.0,https://www.google.com/search?q=Cino+e+Lillo+Del+Duca+capacity
67,Ciro Vigorito,https://www.worldfootball.net/venues/ciro-vigorito-benevento/,18975.0,https://www.google.com/search?q=Ciro+Vigorito+capacity
68,City Ground,https://www.worldfootball.net/venues/city-ground-nottingham/,30602.0,https://www.google.com/search?q=City+Ground+capacity
69,Ciudad Deportiva del Villarreal,https://www.worldfootball.net/venues/ciudad-deportiva-del-villarreal-villarreal/,5000.0,https://www.google.com/search?q=Ciudad+Deportiva+del+Villarreal+capacity
70,Ciudad de Valencia,https://www.worldfootball.net/venues/ciudad-de-valencia-valencia/,25354.0,https://www.google.com/search?q=Ciudad+de+Valencia+capacity
71,Coliseum Alfonso Pérez,https://www.worldfootball.net/venues/coliseum-alfonso-perez-getafe/,17393.0,https://www.google.com/search?q=Coliseum+Alfonso+Pérez+capacity
72,Comendador Almeida Freitas,https://www.worldfootball.net/venues/comendador-almeida-freitas-moreira-de-conegos/,6000.0,https://www.google.com/search?q=Comendador+Almeida+Freitas+capacity
73,Completely-Suzuki Stadium,https://www.worldfootball.net/venues/completely-suzuki-stadium-cheltenham/,7407.0,https://www.google.com/search?q=Completely-Suzuki+Stadium+capacity
74,Comunale Matusa,https://www.worldfootball.net/venues/comunale-matusa-frosinone/,9680.0,https://www.google.com/search?q=Comunale+Matusa+capacity
75,County Ground,https://www.worldfootball.net/venues/county-ground-swindon/,15728.0,https://www.google.com/search?q=County+Ground+capacity
76,Coventry Building Society Arena,https://www.worldfootball.net/venues/coventry-building-society-arena-coventry/,32609.0,https://www.google.com/search?q=Coventry+Building+Society+Arena+capacity
77,Cívitas Metropolitano,https://www.worldfootball.net/venues/civitas-metropolitano-madrid/,68456.0,https://www.google.com/search?q=Cívitas+Metropolitano+capacity
78,DW Stadium,https://www.worldfootball.net/venues/dw-stadium-wigan/,25138.0,https://www.google.com/search?q=DW+Stadium+capacity
79,Dacia Arena,https://www.worldfootball.net/venues/dacia-arena-udine/,25144.0,https://www.google.com/search?q=Dacia+Arena+capacity
80,Daknam,https://www.worldfootball.net/venues/daknam-lokeren/,8952.0,https://www.google.com/search?q=Daknam+capacity
81,De la Meinau,https://www.worldfootball.net/venues/de-la-meinau-strasbourg/,29000.0,https://www.google.com/search?q=De+la+Meinau+capacity
82,Deepdale,https://www.worldfootball.net/venues/deepdale-preston/,24525.0,https://www.google.com/search?q=Deepdale+capacity
83,Dens Park,https://www.worldfootball.net/venues/dens-park-dundee/,12085.0,https://www.google.com/search?q=Dens+Park+capacity
84,Deutsche Bank Park,https://www.worldfootball.net/venues/deutsche-bank-park-frankfurt-am-main/,51500.0,https://www.google.com/search?q=Deutsche+Bank+Park+capacity
85,Diaz Arena,https://www.worldfootball.net/venues/diaz-arena-oostende/,8432.0,https://www.google.com/search?q=Diaz+Arena+capacity
86,Dino Manuzzi,https://www.worldfootball.net/venues/dino-manuzzi-cesena/,23860.0,https://www.google.com/search?q=Dino+Manuzzi+capacity
87,Dominique-Duvauchelle,https://www.worldfootball.net/venues/dominique-duvauchelle-creteil/,10137.0,https://www.google.com/search?q=Dominique-Duvauchelle+capacity
88,Don Valley,https://www.worldfootball.net/venues/don-valley-sheffield/,25000.0,https://www.google.com/search?q=Don+Valley+capacity
89,Dr. Necmettin Şeyhoğlu,https://www.worldfootball.net/venues/dr-necmettin-seyhoglu-karabuek/,14000.0,https://www.google.com/search?q=Dr.+Necmettin+Şeyhoğlu+capacity
90,Dreisamstadion,https://www.worldfootball.net/venues/dreisamstadion-freiburg/,24000.0,https://www.google.com/search?q=Dreisamstadion+capacity
91,East End Park,https://www.worldfootball.net/venues/east-end-park-dunfermline/,11998.0,https://www.google.com/search?q=East+End+Park+capacity
92,Easter Road Stadium,https://www.worldfootball.net/venues/easter-road-stadium-edinburgh/,20250.0,https://www.google.com/search?q=Easter+Road+Stadium+capacity
93,Edgar Street,https://www.worldfootball.net/venues/edgar-street-hereford/,8843.0,https://www.google.com/search?q=Edgar+Street+capacity
94,Edgeley Park,https://www.worldfootball.net/venues/edgeley-park-stockport/,11000.0,https://www.google.com/search?q=Edgeley+Park+capacity
95,Eintracht-Stadion,https://www.worldfootball.net/venues/eintracht-stadion-braunschweig/,23325.0,https://www.google.com/search?q=Eintracht-Stadion+capacity
96,El Alcoraz,https://www.worldfootball.net/venues/el-alcoraz-huesca/,7638.0,https://www.google.com/search?q=El+Alcoraz+capacity
97,El Collao,https://www.worldfootball.net/venues/el-collao-alcoy/,4425.0,https://www.google.com/search?q=El+Collao+capacity
98,El Molinón,https://www.worldfootball.net/venues/el-molinon-gijon/,30000.0,https://www.google.com/search?q=El+Molinón+capacity
99,El Sadar,https://www.worldfootball.net/venues/el-sadar-pamplona/,19800.0,https://www.google.com/search?q=El+Sadar+capacity
100,El Sardinero,https://www.worldfootball.net/venues/el-sardinero-santander/,22222.0,https://www.google.com/search?q=El+Sardinero+capacity
101,El Toralín,https://www.worldfootball.net/venues/el-toralin-ponferrada/,8200.0,https://www.google.com/search?q=El+Toralín+capacity
102,Elland Road,https://www.worldfootball.net/venues/elland-road-leeds/,37890.0,https://www.google.com/search?q=Elland+Road+capacity
103,Ennio Tardini,https://www.worldfootball.net/venues/ennio-tardini-parma/,28783.0,https://www.google.com/search?q=Ennio+Tardini+capacity
104,Eryaman Stadyumu,https://www.worldfootball.net/venues/eryaman-stadyumu-ankara/,20500.0,https://www.google.com/search?q=Eryaman+Stadyumu+capacity
105,Erzgebirgsstadion,https://www.worldfootball.net/venues/erzgebirgsstadion-aue-bad-schlema/,15500.0,https://www.google.com/search?q=Erzgebirgsstadion+capacity
106,Eskişehir Atatürk Stadı,https://www.worldfootball.net/venues/eskisehir-atatuerk-stadi-eskisehir/,13520.0,https://www.google.com/search?q=Eskişehir+Atatürk+Stadı+capacity
107,Estadi Municipal de Reus,https://www.worldfootball.net/venues/estadi-municipal-de-reus-reus/,4500.0,https://www.google.com/search?q=Estadi+Municipal+de+Reus+capacity
108,Estadio Anxo Carro,https://www.worldfootball.net/venues/estadio-anxo-carro-lugo/,8000.0,https://www.google.com/search?q=Estadio+Anxo+Carro+capacity
109,Estadio Fernando Torres,https://www.worldfootball.net/venues/estadio-fernando-torres-fuenlabrada/,7500.0,https://www.google.com/search?q=Estadio+Fernando+Torres+capacity
110,Estadio Francisco de la Hera,https://www.worldfootball.net/venues/estadio-francisco-de-la-hera-almendralejo/,11580.0,https://www.google.com/search?q=Estadio+Francisco+de+la+Hera+capacity
111,Estadio Jesús Navas,https://www.worldfootball.net/venues/estadio-jesus-navas-sevilla/,5500.0,https://www.google.com/search?q=Estadio+Jesús+Navas+capacity
112,Estadio Palamós Costa Brava,https://www.worldfootball.net/venues/estadio-palamos-costa-brava-palamos/,3724.0,https://www.google.com/search?q=Estadio+Palamós+Costa+Brava+capacity
113,Estadio de Gran Canaria,https://www.worldfootball.net/venues/estadio-de-gran-canaria-las-palmas-de-gran-canaria/,32392.0,https://www.google.com/search?q=Estadio+de+Gran+Canaria+capacity
114,Estadio de Mestalla,https://www.worldfootball.net/venues/estadio-de-mestalla-valencia/,55000.0,https://www.google.com/search?q=Estadio+de+Mestalla+capacity
115,Estadio de la Cerámica,https://www.worldfootball.net/venues/estadio-de-la-ceramica-villarreal/,23500.0,https://www.google.com/search?q=Estadio+de+la+Cerámica+capacity
116,Estadio de los Juegos Mediterráneos,https://www.worldfootball.net/venues/estadio-de-los-juegos-mediterraneos-almeria/,20000.0,https://www.google.com/search?q=Estadio+de+los+Juegos+Mediterráneos+capacity
117,Estádio Algarve,https://www.worldfootball.net/venues/estadio-algarve-faro-loule/,30305.0,https://www.google.com/search?q=Estádio+Algarve+capacity
118,Estádio Cidade de Barcelos,https://www.worldfootball.net/venues/estadio-cidade-de-barcelos-barcelos/,12504.0,https://www.google.com/search?q=Estádio+Cidade+de+Barcelos+capacity
119,Estádio Cidade de Coimbra,https://www.worldfootball.net/venues/estadio-cidade-de-coimbra-coimbra/,30616.0,https://www.google.com/search?q=Estádio+Cidade+de+Coimbra+capacity
120,Estádio Dr. Machado de Matos,https://www.worldfootball.net/venues/estadio-dr-machado-de-matos-felgueiras/,7540.0,https://www.google.com/search?q=Estádio+Dr.+Machado+de+Matos+capacity
121,Estádio José Alvalade,https://www.worldfootball.net/venues/estadio-jose-alvalade-lisboa/,52000.0,https://www.google.com/search?q=Estádio+José+Alvalade+capacity
122,Estádio João Cardoso,https://www.worldfootball.net/venues/estadio-joao-cardoso-tondela/,2586.0,https://www.google.com/search?q=Estádio+João+Cardoso+capacity
123,Estádio Marcolino de Castro,https://www.worldfootball.net/venues/estadio-marcolino-de-castro-santa-maria-da-feira/,5600.0,https://www.google.com/search?q=Estádio+Marcolino+de+Castro+capacity
124,Estádio Municipal 22 de Junho,https://www.worldfootball.net/venues/estadio-municipal-22-de-junho-vila-nova-de-famalicao/,8000.0,https://www.google.com/search?q=Estádio+Municipal+22+de+Junho+capacity
125,Estádio Municipal de Braga,https://www.worldfootball.net/venues/estadio-municipal-de-braga-braga/,30154.0,https://www.google.com/search?q=Estádio+Municipal+de+Braga+capacity
126,Estádio Municipal de Portimão,https://www.worldfootball.net/venues/estadio-municipal-de-portimao-portimao/,9544.0,https://www.google.com/search?q=Estádio+Municipal+de+Portimão+capacity
127,Estádio Nacional,https://www.worldfootball.net/venues/estadio-nacional-oeiras/,37593.0,https://www.google.com/search?q=Estádio+Nacional+capacity
128,Estádio São Miguel,https://www.worldfootball.net/venues/estadio-sao-miguel-ponta-delgada/,15277.0,https://www.google.com/search?q=Estádio+São+Miguel+capacity
129,Estádio da Capital do Móvel,https://www.worldfootball.net/venues/estadio-da-capital-do-movel-pacos-ferreira/,9077.0,https://www.google.com/search?q=Estádio+da+Capital+do+Móvel+capacity
130,Estádio da Madeira,https://www.worldfootball.net/venues/estadio-da-madeira-funchal/,3000.0,https://www.google.com/search?q=Estádio+da+Madeira+capacity
131,Estádio de Machico,https://www.worldfootball.net/venues/estadio-de-machico-machico/,3000.0,https://www.google.com/search?q=Estádio+de+Machico+capacity
132,Estádio do Bessa,https://www.worldfootball.net/venues/estadio-do-bessa-porto/,30000.0,https://www.google.com/search?q=Estádio+do+Bessa+capacity
133,Estádio do Bonfim,https://www.worldfootball.net/venues/estadio-do-bonfim-setubal/,18694.0,https://www.google.com/search?q=Estádio+do+Bonfim+capacity
134,Estádio do CD Aves,https://www.worldfootball.net/venues/estadio-do-cd-aves-vila-das-aves/,12500.0,https://www.google.com/search?q=Estádio+do+CD+Aves+capacity
135,Estádio do Dragão,https://www.worldfootball.net/venues/estadio-do-dragao-porto/,54378.0,https://www.google.com/search?q=Estádio+do+Dragão+capacity
136,Estádio do Restelo,https://www.worldfootball.net/venues/estadio-do-restelo-lisboa/,19856.0,https://www.google.com/search?q=Estádio+do+Restelo+capacity
137,Estádio do Rio Ave F.C.,https://www.worldfootball.net/venues/estadio-do-rio-ave-f-c-vila-do-conde/,12815.0,https://www.google.com/search?q=Estádio+do+Rio+Ave+F.C.+capacity
138,Etihad Stadium,https://www.worldfootball.net/venues/etihad-stadium-manchester/,55097.0,https://www.google.com/search?q=Etihad+Stadium+capacity
139,Euganeo,https://www.worldfootball.net/venues/euganeo-padova/,32336.0,https://www.google.com/search?q=Euganeo+capacity
140,Ewood Park,https://www.worldfootball.net/venues/ewood-park-blackburn/,31149.0,https://www.google.com/search?q=Ewood+Park+capacity
141,Ezio Scida,https://www.worldfootball.net/venues/ezio-scida-crotone/,16547.0,https://www.google.com/search?q=Ezio+Scida+capacity
142,Falkirk Stadium,https://www.worldfootball.net/venues/falkirk-stadium-falkirk/,8750.0,https://www.google.com/search?q=Falkirk+Stadium+capacity
143,Fatih Terim Stadium,https://www.worldfootball.net/venues/fatih-terim-stadium-istanbul/,17319.0,https://www.google.com/search?q=Fatih+Terim+Stadium+capacity
144,Fir Park,https://www.worldfootball.net/venues/fir-park-motherwell/,13742.0,https://www.google.com/search?q=Fir+Park+capacity
145,Fountain of Youth Stadium,https://www.worldfootball.net/venues/fountain-of-youth-stadium-hamilton/,6078.0,https://www.google.com/search?q=Fountain+of+Youth+Stadium+capacity
146,Francis Le Basser,https://www.worldfootball.net/venues/francis-le-basser-laval/,18739.0,https://www.google.com/search?q=Francis+Le+Basser+capacity
147,Francis-Le Blé,https://www.worldfootball.net/venues/francis-le-ble-brest/,15931.0,https://www.google.com/search?q=Francis-Le+Blé+capacity
148,Francisco Artés Carrasco,https://www.worldfootball.net/venues/francisco-artes-carrasco-lorca/,8064.0,https://www.google.com/search?q=Francisco+Artés+Carrasco+capacity
149,Franco Ossola,https://www.worldfootball.net/venues/franco-ossola-varese/,9925.0,https://www.google.com/search?q=Franco+Ossola+capacity
150,François Coty,https://www.worldfootball.net/venues/francois-coty-ajaccio/,10660.0,https://www.google.com/search?q=François+Coty+capacity
151,Fratton Park,https://www.worldfootball.net/venues/fratton-park-portsmouth/,20100.0,https://www.google.com/search?q=Fratton+Park+capacity
152,Freethiel,https://www.worldfootball.net/venues/freethiel-beveren/,13290.0,https://www.google.com/search?q=Freethiel+capacity
153,Fritz-Walter-Stadion,https://www.worldfootball.net/venues/fritz-walter-stadion-kaiserslautern/,49780.0,https://www.google.com/search?q=Fritz-Walter-Stadion+capacity
154,Gabriel Montpied,https://www.worldfootball.net/venues/gabriel-montpied-clermont-ferrand/,12600.0,https://www.google.com/search?q=Gabriel+Montpied+capacity
155,Gaston-Gérard,https://www.worldfootball.net/venues/gaston-gerard-dijon/,15000.0,https://www.google.com/search?q=Gaston-Gérard+capacity
156,Gaston-Petit,https://www.worldfootball.net/venues/gaston-petit-chateauroux/,17000.0,https://www.google.com/search?q=Gaston-Petit+capacity
157,Gayfield Park,https://www.worldfootball.net/venues/gayfield-park-arbroath/,4125.0,https://www.google.com/search?q=Gayfield+Park+capacity
158,Gaziantep Kalyon Stadyumu,https://www.worldfootball.net/venues/gaziantep-kalyon-stadyumu-gaziantep/,35558.0,https://www.google.com/search?q=Gaziantep+Kalyon+Stadyumu+capacity
159,Gewiss Stadium,https://www.worldfootball.net/venues/gewiss-stadium-bergamo/,26562.0,https://www.google.com/search?q=Gewiss+Stadium+capacity
160,Ghelamco Arena,https://www.worldfootball.net/venues/ghelamco-arena-gent/,20000.0,https://www.google.com/search?q=Ghelamco+Arena+capacity
161,Gigg Lane,https://www.worldfootball.net/venues/gigg-lane-bury/,11840.0,https://www.google.com/search?q=Gigg+Lane+capacity
162,Giovanni Zini,https://www.worldfootball.net/venues/giovanni-zini-cremona/,7490.0,https://www.google.com/search?q=Giovanni+Zini+capacity
163,Glanford Park,https://www.worldfootball.net/venues/glanford-park-scunthorpe/,9183.0,https://www.google.com/search?q=Glanford+Park+capacity
164,Glebe Park,https://www.worldfootball.net/venues/glebe-park-brechin/,4083.0,https://www.google.com/search?q=Glebe+Park+capacity
165,Global Energy Stadium,https://www.worldfootball.net/venues/global-energy-stadium-dingwall/,6300.0,https://www.google.com/search?q=Global+Energy+Stadium+capacity
166,Griffin Park,https://www.worldfootball.net/venues/griffin-park-london/,12763.0,https://www.google.com/search?q=Griffin+Park+capacity
167,Groupama Stadium,https://www.worldfootball.net/venues/groupama-stadium-decines-charpieu/,59186.0,https://www.google.com/search?q=Groupama+Stadium+capacity
168,Guldensporenstadion,https://www.worldfootball.net/venues/guldensporenstadion-kortrijk/,9500.0,https://www.google.com/search?q=Guldensporenstadion+capacity
169,Heinz von Heiden Arena,https://www.worldfootball.net/venues/heinz-von-heiden-arena-hannover/,49000.0,https://www.google.com/search?q=Heinz+von+Heiden+Arena+capacity
170,Heliodoro Rodríguez López,https://www.worldfootball.net/venues/heliodoro-rodriguez-lopez-santa-cruz-de-tenerife/,22948.0,https://www.google.com/search?q=Heliodoro+Rodríguez+López+capacity
171,Helmántico,https://www.worldfootball.net/venues/helmantico-salamanca/,17341.0,https://www.google.com/search?q=Helmántico+capacity
172,Highbury Stadium,https://www.worldfootball.net/venues/highbury-stadium-fleetwood/,5500.0,https://www.google.com/search?q=Highbury+Stadium+capacity
173,Holstein-Stadion,https://www.worldfootball.net/venues/holstein-stadion-kiel/,11386.0,https://www.google.com/search?q=Holstein-Stadion+capacity
174,Home Deluxe Arena,https://www.worldfootball.net/venues/home-deluxe-arena-paderborn/,15000.0,https://www.google.com/search?q=Home+Deluxe+Arena+capacity
175,Home Park,https://www.worldfootball.net/venues/home-park-plymouth/,20922.0,https://www.google.com/search?q=Home+Park+capacity
176,Huish Park,https://www.worldfootball.net/venues/huish-park-yeovil-somerset/,9600.0,https://www.google.com/search?q=Huish+Park+capacity
177,Hüseyin Avni Aker,https://www.worldfootball.net/venues/hueseyin-avni-aker-trabzon/,24429.0,https://www.google.com/search?q=Hüseyin+Avni+Aker+capacity
178,Ibrox Stadium,https://www.worldfootball.net/venues/ibrox-stadium-glasgow/,50467.0,https://www.google.com/search?q=Ibrox+Stadium+capacity
179,Inönü,https://www.worldfootball.net/venues/inoenue-malatya/,15000.0,https://www.google.com/search?q=Inönü+capacity
180,Ipurua,https://www.worldfootball.net/venues/ipurua-eibar/,7083.0,https://www.google.com/search?q=Ipurua+capacity
181,Is Arenas,https://www.worldfootball.net/venues/is-arenas-quartu-santelena/,16200.0,https://www.google.com/search?q=Is+Arenas+capacity
182,Jacques Chaban-Delmas,https://www.worldfootball.net/venues/jacques-chaban-delmas-bordeaux/,34462.0,https://www.google.com/search?q=Jacques+Chaban-Delmas+capacity
183,Jahn-Stadion,https://www.worldfootball.net/venues/jahn-stadion-regensburg/,11800.0,https://www.google.com/search?q=Jahn-Stadion+capacity
184,Jahnstadion Regensburg,https://www.worldfootball.net/venues/jahnstadion-regensburg-regensburg/,15210.0,https://www.google.com/search?q=Jahnstadion+Regensburg+capacity
185,Jan Breydel Stadion,https://www.worldfootball.net/venues/jan-breydel-stadion-brugge/,29042.0,https://www.google.com/search?q=Jan+Breydel+Stadion+capacity
186,Jean-Laville,https://www.worldfootball.net/venues/jean-laville-gueugnon/,13800.0,https://www.google.com/search?q=Jean-Laville+capacity
187,JobServe Community Stadium,https://www.worldfootball.net/venues/jobserve-community-stadium-colchester/,10000.0,https://www.google.com/search?q=JobServe+Community+Stadium+capacity
188,John Smith’s Stadium,https://www.worldfootball.net/venues/john-smiths-stadium-huddersfield/,24500.0,https://www.google.com/search?q=John+Smith’s+Stadium+capacity
189,José Arcanjo,https://www.worldfootball.net/venues/jose-arcanjo-olhao/,10000.0,https://www.google.com/search?q=José+Arcanjo+capacity
190,José Rico Pérez,https://www.worldfootball.net/venues/jose-rico-perez-alicante/,29500.0,https://www.google.com/search?q=José+Rico+Pérez+capacity
191,Jules-Deschaseaux,https://www.worldfootball.net/venues/jules-deschaseaux-le-havre/,18000.0,https://www.google.com/search?q=Jules-Deschaseaux+capacity
192,Kadir Has,https://www.worldfootball.net/venues/kadir-has-kayseri/,32864.0,https://www.google.com/search?q=Kadir+Has+capacity
193,Kamil Ocak,https://www.worldfootball.net/venues/kamil-ocak-gaziantep/,16981.0,https://www.google.com/search?q=Kamil+Ocak+capacity
194,Kassam Stadium,https://www.worldfootball.net/venues/kassam-stadium-oxford/,12500.0,https://www.google.com/search?q=Kassam+Stadium+capacity
195,Keepmoat Stadium,https://www.worldfootball.net/venues/keepmoat-stadium-doncaster/,15231.0,https://www.google.com/search?q=Keepmoat+Stadium+capacity
196,Kehrwegstadion,https://www.worldfootball.net/venues/kehrwegstadion-eupen/,6000.0,https://www.google.com/search?q=Kehrwegstadion+capacity
197,Kenilworth Road,https://www.worldfootball.net/venues/kenilworth-road-luton/,10356.0,https://www.google.com/search?q=Kenilworth+Road+capacity
198,King Power Stadium,https://www.worldfootball.net/venues/king-power-stadium-leicester/,32500.0,https://www.google.com/search?q=King+Power+Stadium+capacity
199,Kingsmeadow Stadium,https://www.worldfootball.net/venues/kingsmeadow-stadium-kingston/,4850.0,https://www.google.com/search?q=Kingsmeadow+Stadium+capacity
200,Konya Büyükşehir Stadyumu,https://www.worldfootball.net/venues/konya-bueyueksehir-stadyumu-konya/,42042.0,https://www.google.com/search?q=Konya+Büyükşehir+Stadyumu+capacity
201,Kâzım Karabekir,https://www.worldfootball.net/venues/kazim-karabekir-erzurum/,23700.0,https://www.google.com/search?q=Kâzım+Karabekir+capacity
202,La Beaujoire,https://www.worldfootball.net/venues/la-beaujoire-nantes/,38500.0,https://www.google.com/search?q=La+Beaujoire+capacity
203,La Condomina,https://www.worldfootball.net/venues/la-condomina-murcia/,13500.0,https://www.google.com/search?q=La+Condomina+capacity
204,La Romareda,https://www.worldfootball.net/venues/la-romareda-zaragoza/,34596.0,https://www.google.com/search?q=La+Romareda+capacity
205,La Rosaleda,https://www.worldfootball.net/venues/la-rosaleda-malaga/,30044.0,https://www.google.com/search?q=La+Rosaleda+capacity
206,Lamex Stadium,https://www.worldfootball.net/venues/lamex-stadium-stevenage/,6722.0,https://www.google.com/search?q=Lamex+Stadium+capacity
207,Le Canonnier,https://www.worldfootball.net/venues/le-canonnier-mouscron/,10830.0,https://www.google.com/search?q=Le+Canonnier+capacity
208,Libero Liberati,https://www.worldfootball.net/venues/libero-liberati-terni/,20095.0,https://www.google.com/search?q=Libero+Liberati+capacity
209,Loftus Road,https://www.worldfootball.net/venues/loftus-road-london/,19161.0,https://www.google.com/search?q=Loftus+Road+capacity
210,Lotto Park,https://www.worldfootball.net/venues/lotto-park-bruxelles/,22500.0,https://www.google.com/search?q=Lotto+Park+capacity
211,Louis-Dugauguez,https://www.worldfootball.net/venues/louis-dugauguez-sedan/,23189.0,https://www.google.com/search?q=Louis-Dugauguez+capacity
212,Luigi Ferraris,https://www.worldfootball.net/venues/luigi-ferraris-genova/,36603.0,https://www.google.com/search?q=Luigi+Ferraris+capacity
213,MDCC-Arena,https://www.worldfootball.net/venues/mdcc-arena-magdeburg/,27250.0,https://www.google.com/search?q=MDCC-Arena+capacity
214,MEMS Priestfield Stadium,https://www.worldfootball.net/venues/mems-priestfield-stadium-gillingham/,11582.0,https://www.google.com/search?q=MEMS+Priestfield+Stadium+capacity
215,MEWA ARENA,https://www.worldfootball.net/venues/mewa-arena-mainz/,34000.0,https://www.google.com/search?q=MEWA+ARENA+capacity
216,MKM Stadium,https://www.worldfootball.net/venues/mkm-stadium-kingston-upon-hull/,25586.0,https://www.google.com/search?q=MKM+Stadium+capacity
217,MMArena,https://www.worldfootball.net/venues/mmarena-le-mans/,25064.0,https://www.google.com/search?q=MMArena+capacity
218,Marc Antonio Bentegodi,https://www.worldfootball.net/venues/marc-antonio-bentegodi-verona/,39211.0,https://www.google.com/search?q=Marc+Antonio+Bentegodi+capacity
219,Marcel Picot,https://www.worldfootball.net/venues/marcel-picot-nancy/,20087.0,https://www.google.com/search?q=Marcel+Picot+capacity
220,Mario Rigamonti,https://www.worldfootball.net/venues/mario-rigamonti-brescia/,27547.0,https://www.google.com/search?q=Mario+Rigamonti+capacity
221,Martínez Valero,https://www.worldfootball.net/venues/martinez-valero-elche/,36017.0,https://www.google.com/search?q=Martínez+Valero+capacity
222,Matmut Atlantique,https://www.worldfootball.net/venues/matmut-atlantique-bordeaux/,42052.0,https://www.google.com/search?q=Matmut+Atlantique+capacity
223,Max-Morlock-Stadion,https://www.worldfootball.net/venues/max-morlock-stadion-nuernberg/,50000.0,https://www.google.com/search?q=Max-Morlock-Stadion+capacity
224,Mazuma Stadium,https://www.worldfootball.net/venues/mazuma-stadium-morecambe/,6476.0,https://www.google.com/search?q=Mazuma+Stadium+capacity
225,McDiarmid Park,https://www.worldfootball.net/venues/mcdiarmid-park-perth/,10673.0,https://www.google.com/search?q=McDiarmid+Park+capacity
226,Meadow Lane,https://www.worldfootball.net/venues/meadow-lane-nottingham/,20300.0,https://www.google.com/search?q=Meadow+Lane+capacity
227,Medical Park Arena,https://www.worldfootball.net/venues/medical-park-arena-trabzon/,41461.0,https://www.google.com/search?q=Medical+Park+Arena+capacity
228,Memorial Stadium,https://www.worldfootball.net/venues/memorial-stadium-bristol/,11917.0,https://www.google.com/search?q=Memorial+Stadium+capacity
229,Mendizorroza,https://www.worldfootball.net/venues/mendizorroza-vitoria-gasteiz/,19840.0,https://www.google.com/search?q=Mendizorroza+capacity
230,Mercedes-Benz Arena,https://www.worldfootball.net/venues/mercedes-benz-arena-stuttgart/,60441.0,https://www.google.com/search?q=Mercedes-Benz+Arena+capacity
231,Merck-Stadion am Böllenfalltor,https://www.worldfootball.net/venues/merck-stadion-am-boellenfalltor-darmstadt/,17400.0,https://www.google.com/search?q=Merck-Stadion+am+Böllenfalltor+capacity
232,Merkur Spiel-Arena,https://www.worldfootball.net/venues/merkur-spiel-arena-duesseldorf/,54600.0,https://www.google.com/search?q=Merkur+Spiel-Arena+capacity
233,Mersin Arena,https://www.worldfootball.net/venues/mersin-arena-mersin/,25534.0,https://www.google.com/search?q=Mersin+Arena+capacity
234,Michel-d'Ornano,https://www.worldfootball.net/venues/michel-dornano-caen/,21500.0,https://www.google.com/search?q=Michel-d'Ornano+capacity
235,Millerntor-Stadion,https://www.worldfootball.net/venues/millerntor-stadion-hamburg/,29546.0,https://www.google.com/search?q=Millerntor-Stadion+capacity
236,Miniestadi,https://www.worldfootball.net/venues/miniestadi-barcelona/,15276.0,https://www.google.com/search?q=Miniestadi+capacity
237,Miniestadio Cerro del Espino,https://www.worldfootball.net/venues/miniestadio-cerro-del-espino-majadahonda/,3500.0,https://www.google.com/search?q=Miniestadio+Cerro+del+Espino+capacity
238,Molineux Stadium,https://www.worldfootball.net/venues/molineux-stadium-wolverhampton/,31700.0,https://www.google.com/search?q=Molineux+Stadium+capacity
239,Montgomery Waters Meadow,https://www.worldfootball.net/venues/montgomery-waters-meadow-shrewsbury/,9875.0,https://www.google.com/search?q=Montgomery+Waters+Meadow+capacity
240,Moor Lane,https://www.worldfootball.net/venues/moor-lane-salford/,5108.0,https://www.google.com/search?q=Moor+Lane+capacity
241,Mornflake Stadium,https://www.worldfootball.net/venues/mornflake-stadium-crewe/,10153.0,https://www.google.com/search?q=Mornflake+Stadium+capacity
242,Moss Rose,https://www.worldfootball.net/venues/moss-rose-macclesfield/,6335.0,https://www.google.com/search?q=Moss+Rose+capacity
243,Municipal Eng. Manuel Branco Teixeira,https://www.worldfootball.net/venues/municipal-eng-manuel-branco-teixeira-chaves/,8800.0,https://www.google.com/search?q=Municipal+Eng.+Manuel+Branco+Teixeira+capacity
244,Municipal José Zorrilla,https://www.worldfootball.net/venues/municipal-jose-zorrilla-valladolid/,26512.0,https://www.google.com/search?q=Municipal+José+Zorrilla+capacity
245,Municipal Reino de León,https://www.worldfootball.net/venues/municipal-reino-de-leon-leon/,13451.0,https://www.google.com/search?q=Municipal+Reino+de+León+capacity
246,Municipal St.-Symphorien,https://www.worldfootball.net/venues/municipal-st-symphorien-metz/,26700.0,https://www.google.com/search?q=Municipal+St.-Symphorien+capacity
247,Municipal de Anduva,https://www.worldfootball.net/venues/municipal-de-anduva-miranda-de-ebro/,6900.0,https://www.google.com/search?q=Municipal+de+Anduva+capacity
248,Municipal de Arouca,https://www.worldfootball.net/venues/municipal-de-arouca-arouca/,4875.0,https://www.google.com/search?q=Municipal+de+Arouca+capacity
249,Municipal de Balaídos,https://www.worldfootball.net/venues/municipal-de-balaidos-vigo/,31800.0,https://www.google.com/search?q=Municipal+de+Balaídos+capacity
250,Municipal de Butarque,https://www.worldfootball.net/venues/municipal-de-butarque-leganes/,11454.0,https://www.google.com/search?q=Municipal+de+Butarque+capacity
251,Municipal de Chapín,https://www.worldfootball.net/venues/municipal-de-chapin-jerez-de-la-frontera/,21000.0,https://www.google.com/search?q=Municipal+de+Chapín+capacity
252,Municipal de Montilivi,https://www.worldfootball.net/venues/municipal-de-montilivi-girona/,14286.0,https://www.google.com/search?q=Municipal+de+Montilivi+capacity
253,Municipal de Santo Domingo,https://www.worldfootball.net/venues/municipal-de-santo-domingo-alcorcon/,5100.0,https://www.google.com/search?q=Municipal+de+Santo+Domingo+capacity
254,Municipal du Ray,https://www.worldfootball.net/venues/municipal-du-ray-nice/,15761.0,https://www.google.com/search?q=Municipal+du+Ray+capacity
255,Municipal du Roudourou,https://www.worldfootball.net/venues/municipal-du-roudourou-guingamp/,18016.0,https://www.google.com/search?q=Municipal+du+Roudourou+capacity
256,Murrayfield Stadium,https://www.worldfootball.net/venues/murrayfield-stadium-edinburgh/,67130.0,https://www.google.com/search?q=Murrayfield+Stadium+capacity
257,Nef Stadyumu,https://www.worldfootball.net/venues/nef-stadyumu-istanbul/,52280.0,https://www.google.com/search?q=Nef+Stadyumu+capacity
258,Nereo Rocco,https://www.worldfootball.net/venues/nereo-rocco-triest/,32454.0,https://www.google.com/search?q=Nereo+Rocco+capacity
259,New York Stadium,https://www.worldfootball.net/venues/new-york-stadium-rotherham/,12021.0,https://www.google.com/search?q=New+York+Stadium+capacity
260,Nou Estadi Municipal,https://www.worldfootball.net/venues/nou-estadi-municipal-tarragona/,14600.0,https://www.google.com/search?q=Nou+Estadi+Municipal+capacity
261,Nova Creu Alta,https://www.worldfootball.net/venues/nova-creu-alta-sabadell/,11981.0,https://www.google.com/search?q=Nova+Creu+Alta+capacity
262,Nueva Condomina,https://www.worldfootball.net/venues/nueva-condomina-murcia/,31179.0,https://www.google.com/search?q=Nueva+Condomina+capacity
263,Nuevo Arcángel,https://www.worldfootball.net/venues/nuevo-arcangel-cordoba/,21822.0,https://www.google.com/search?q=Nuevo+Arcángel+capacity
264,Nuevo Carlos Tartiere,https://www.worldfootball.net/venues/nuevo-carlos-tartiere-oviedo/,30500.0,https://www.google.com/search?q=Nuevo+Carlos+Tartiere+capacity
265,Nuevo Colombino,https://www.worldfootball.net/venues/nuevo-colombino-huelva/,19860.0,https://www.google.com/search?q=Nuevo+Colombino+capacity
266,Nuevo Estadio Los Pajaritos,https://www.worldfootball.net/venues/nuevo-estadio-los-pajaritos-soria/,9025.0,https://www.google.com/search?q=Nuevo+Estadio+Los+Pajaritos+capacity
267,Nuevo Estadio de la Victoria,https://www.worldfootball.net/venues/nuevo-estadio-de-la-victoria-jaen/,12569.0,https://www.google.com/search?q=Nuevo+Estadio+de+la+Victoria+capacity
268,Nuevo Lasesarre,https://www.worldfootball.net/venues/nuevo-lasesarre-barakaldo/,7960.0,https://www.google.com/search?q=Nuevo+Lasesarre+capacity
269,Nuevo Los Cármenes,https://www.worldfootball.net/venues/nuevo-los-carmenes-granada/,22500.0,https://www.google.com/search?q=Nuevo+Los+Cármenes+capacity
270,Nuevo Mirandilla,https://www.worldfootball.net/venues/nuevo-mirandilla-cadiz/,23000.0,https://www.google.com/search?q=Nuevo+Mirandilla+capacity
271,Nungesser,https://www.worldfootball.net/venues/nungesser-valenciennes/,16547.0,https://www.google.com/search?q=Nungesser+capacity
272,Oakwell Ground,https://www.worldfootball.net/venues/oakwell-ground-barnsley/,23320.0,https://www.google.com/search?q=Oakwell+Ground+capacity
273,Olimpico,https://www.worldfootball.net/venues/olimpico-torino/,27958.0,https://www.google.com/search?q=Olimpico+capacity
274,Olympiastadion,https://www.worldfootball.net/venues/olympiastadion-berlin/,74475.0,https://www.google.com/search?q=Olympiastadion+capacity
275,Omnisports Leon Bollée,https://www.worldfootball.net/venues/omnisports-leon-bollee-le-mans/,17400.0,https://www.google.com/search?q=Omnisports+Leon+Bollée+capacity
276,One Call Stadium,https://www.worldfootball.net/venues/one-call-stadium-mansfield/,9186.0,https://www.google.com/search?q=One+Call+Stadium+capacity
277,Oreste Granillo,https://www.worldfootball.net/venues/oreste-granillo-reggina/,27763.0,https://www.google.com/search?q=Oreste+Granillo+capacity
278,Osmanlı Stadı,https://www.worldfootball.net/venues/osmanli-stadi-ankara/,19626.0,https://www.google.com/search?q=Osmanlı+Stadı+capacity
279,Ostalb Arena,https://www.worldfootball.net/venues/ostalb-arena-aalen/,14500.0,https://www.google.com/search?q=Ostalb+Arena+capacity
280,Ostseestadion,https://www.worldfootball.net/venues/ostseestadion-rostock/,29000.0,https://www.google.com/search?q=Ostseestadion+capacity
281,PSD Bank Arena,https://www.worldfootball.net/venues/psd-bank-arena-frankfurt-am-main/,10826.0,https://www.google.com/search?q=PSD+Bank+Arena+capacity
282,Palmerston Park,https://www.worldfootball.net/venues/palmerston-park-dumfries/,8352.0,https://www.google.com/search?q=Palmerston+Park+capacity
283,Paolo Mazza,https://www.worldfootball.net/venues/paolo-mazza-ferrara/,17955.0,https://www.google.com/search?q=Paolo+Mazza+capacity
284,Parc des Princes,https://www.worldfootball.net/venues/parc-des-princes-paris/,48712.0,https://www.google.com/search?q=Parc+des+Princes+capacity
285,Parc des Sports,https://www.worldfootball.net/venues/parc-des-sports-avignon/,17518.0,https://www.google.com/search?q=Parc+des+Sports+capacity
286,Parc des Sports d'Annecy,https://www.worldfootball.net/venues/parc-des-sports-dannecy-annecy/,15714.0,https://www.google.com/search?q=Parc+des+Sports+d'Annecy+capacity
287,Partenio,https://www.worldfootball.net/venues/partenio-avellino/,26308.0,https://www.google.com/search?q=Partenio+capacity
288,Pedro Escartín,https://www.worldfootball.net/venues/pedro-escartin-guadalajara/,6000.0,https://www.google.com/search?q=Pedro+Escartín+capacity
289,Piercesare Tombolato,https://www.worldfootball.net/venues/piercesare-tombolato-cittadella/,7623.0,https://www.google.com/search?q=Piercesare+Tombolato+capacity
290,Piergiovanni Mecchia,https://www.worldfootball.net/venues/piergiovanni-mecchia-portogruaro/,4021.0,https://www.google.com/search?q=Piergiovanni+Mecchia+capacity
291,Pierluigi Penzo,https://www.worldfootball.net/venues/pierluigi-penzo-venezia/,11150.0,https://www.google.com/search?q=Pierluigi+Penzo+capacity
292,Pierre Brisson,https://www.worldfootball.net/venues/pierre-brisson-beauvais/,10480.0,https://www.google.com/search?q=Pierre+Brisson+capacity
293,Pietro Barbetti,https://www.worldfootball.net/venues/pietro-barbetti-gubbio/,4160.0,https://www.google.com/search?q=Pietro+Barbetti+capacity
294,Pino Zaccheria,https://www.worldfootball.net/venues/pino-zaccheria-foggia/,25085.0,https://www.google.com/search?q=Pino+Zaccheria+capacity
295,Pirelli Stadium,https://www.worldfootball.net/venues/pirelli-stadium-burton-on-trent/,6200.0,https://www.google.com/search?q=Pirelli+Stadium+capacity
296,Pittodrie Stadium,https://www.worldfootball.net/venues/pittodrie-stadium-aberdeen/,21634.0,https://www.google.com/search?q=Pittodrie+Stadium+capacity
297,Plainmoor,https://www.worldfootball.net/venues/plainmoor-torquay-devon/,6000.0,https://www.google.com/search?q=Plainmoor+capacity
298,Portman Road,https://www.worldfootball.net/venues/portman-road-ipswich/,30300.0,https://www.google.com/search?q=Portman+Road+capacity
299,Poundland Bescot Stadium,https://www.worldfootball.net/venues/poundland-bescot-stadium-walsall/,11300.0,https://www.google.com/search?q=Poundland+Bescot+Stadium+capacity
300,PreZero Arena,https://www.worldfootball.net/venues/prezero-arena-sinsheim/,30150.0,https://www.google.com/search?q=PreZero+Arena+capacity
301,Prenton Park,https://www.worldfootball.net/venues/prenton-park-birkenhead/,16587.0,https://www.google.com/search?q=Prenton+Park+capacity
302,Pride Park Stadium,https://www.worldfootball.net/venues/pride-park-stadium-derby/,33597.0,https://www.google.com/search?q=Pride+Park+Stadium+capacity
303,RCDE Stadium,https://www.worldfootball.net/venues/rcde-stadium-cornella-de-llobregat/,40000.0,https://www.google.com/search?q=RCDE+Stadium+capacity
304,Ramón Sánchez Pizjuán,https://www.worldfootball.net/venues/ramon-sanchez-pizjuan-sevilla/,43883.0,https://www.google.com/search?q=Ramón+Sánchez+Pizjuán+capacity
305,Reale Arena,https://www.worldfootball.net/venues/reale-arena-san-sebastian/,39500.0,https://www.google.com/search?q=Reale+Arena+capacity
306,Recep Tayyip Erdoğan,https://www.worldfootball.net/venues/recep-tayyip-erdogan-istanbul/,14234.0,https://www.google.com/search?q=Recep+Tayyip+Erdoğan+capacity
307,Red Bull Arena,https://www.worldfootball.net/venues/red-bull-arena-leipzig/,47069.0,https://www.google.com/search?q=Red+Bull+Arena+capacity
308,Regenboogstadion,https://www.worldfootball.net/venues/regenboogstadion-waregem/,12250.0,https://www.google.com/search?q=Regenboogstadion+capacity
309,Renato Curi,https://www.worldfootball.net/venues/renato-curi-perugia/,26524.0,https://www.google.com/search?q=Renato+Curi+capacity
310,Renato Dall'Ara,https://www.worldfootball.net/venues/renato-dallara-bologna/,38375.0,https://www.google.com/search?q=Renato+Dall'Ara+capacity
311,Renzo Barbera,https://www.worldfootball.net/venues/renzo-barbera-palermo/,37000.0,https://www.google.com/search?q=Renzo+Barbera+capacity
312,René Gaillard,https://www.worldfootball.net/venues/rene-gaillard-niort/,10800.0,https://www.google.com/search?q=René+Gaillard+capacity
313,RheinEnergieStadion,https://www.worldfootball.net/venues/rheinenergiestadion-koeln/,50000.0,https://www.google.com/search?q=RheinEnergieStadion+capacity
314,Riazor,https://www.worldfootball.net/venues/riazor-la-coruna/,34600.0,https://www.google.com/search?q=Riazor+capacity
315,Riverside,https://www.worldfootball.net/venues/riverside-middlesbrough/,35100.0,https://www.google.com/search?q=Riverside+capacity
316,Roazhon Park,https://www.worldfootball.net/venues/roazhon-park-rennes/,29778.0,https://www.google.com/search?q=Roazhon+Park+capacity
317,Rodney Parade,https://www.worldfootball.net/venues/rodney-parade-newport/,7012.0,https://www.google.com/search?q=Rodney+Parade+capacity
318,Romeo Menti,https://www.worldfootball.net/venues/romeo-menti-castellammare-di-stabia/,12000.0,https://www.google.com/search?q=Romeo+Menti+capacity
319,Romeo Menti,https://www.worldfootball.net/venues/romeo-menti-vicenza/,12500.0,https://www.google.com/search?q=Romeo+Menti+capacity
320,Roots Hall,https://www.worldfootball.net/venues/roots-hall-southend-on-sea/,12392.0,https://www.google.com/search?q=Roots+Hall+capacity
321,Rudolf-Harbig-Stadion,https://www.worldfootball.net/venues/rudolf-harbig-stadion-dresden/,32066.0,https://www.google.com/search?q=Rudolf-Harbig-Stadion+capacity
322,Rugby Park,https://www.worldfootball.net/venues/rugby-park-kilmarnock/,18128.0,https://www.google.com/search?q=Rugby+Park+capacity
323,Saint Mary's,https://www.worldfootball.net/venues/saint-marys-southampton/,32689.0,https://www.google.com/search?q=Saint+Mary's+capacity
324,San Mamés,https://www.worldfootball.net/venues/san-mames-bilbao/,53289.0,https://www.google.com/search?q=San+Mamés+capacity
325,San Mamés (1913-2013),https://www.worldfootball.net/venues/san-mames-1913-2013-bilbao/,39750.0,https://www.google.com/search?q=San+Mamés+(1913-2013)+capacity
326,San Nicola,https://www.worldfootball.net/venues/san-nicola-bari/,58000.0,https://www.google.com/search?q=San+Nicola+capacity
327,San Vito,https://www.worldfootball.net/venues/san-vito-cosenza/,24209.0,https://www.google.com/search?q=San+Vito+capacity
328,Sandro Cabassi,https://www.worldfootball.net/venues/sandro-cabassi-carpi/,4164.0,https://www.google.com/search?q=Sandro+Cabassi+capacity
329,Sant'Elia,https://www.worldfootball.net/venues/santelia-cagliari/,23486.0,https://www.google.com/search?q=Sant'Elia+capacity
330,Schauinsland-Reisen-Arena,https://www.worldfootball.net/venues/schauinsland-reisen-arena-duisburg/,31502.0,https://www.google.com/search?q=Schauinsland-Reisen-Arena+capacity
331,SchücoArena,https://www.worldfootball.net/venues/schuecoarena-bielefeld/,26515.0,https://www.google.com/search?q=SchücoArena+capacity
332,Select Car Leasing Stadium,https://www.worldfootball.net/venues/select-car-leasing-stadium-reading/,24200.0,https://www.google.com/search?q=Select+Car+Leasing+Stadium+capacity
333,Selhurst Park,https://www.worldfootball.net/venues/selhurst-park-london/,26255.0,https://www.google.com/search?q=Selhurst+Park+capacity
334,Silvio Piola,https://www.worldfootball.net/venues/silvio-piola-novara/,17875.0,https://www.google.com/search?q=Silvio+Piola+capacity
335,Silvio Piola,https://www.worldfootball.net/venues/silvio-piola-vercelli/,8000.0,https://www.google.com/search?q=Silvio+Piola+capacity
336,Sincil Bank Stadium,https://www.worldfootball.net/venues/sincil-bank-stadium-lincoln/,10430.0,https://www.google.com/search?q=Sincil+Bank+Stadium+capacity
337,Sixfields Stadium,https://www.worldfootball.net/venues/sixfields-stadium-northampton/,7653.0,https://www.google.com/search?q=Sixfields+Stadium+capacity
338,Somerset Park,https://www.worldfootball.net/venues/somerset-park-ayr/,10185.0,https://www.google.com/search?q=Somerset+Park+capacity
339,Spor Toto Akhisar Belediye Stadı,https://www.worldfootball.net/venues/spor-toto-akhisar-belediye-stadi-akhisar/,12139.0,https://www.google.com/search?q=Spor+Toto+Akhisar+Belediye+Stadı+capacity
340,Sportpark Ronhof | Thomas Sommer,https://www.worldfootball.net/venues/sportpark-ronhof-thomas-sommer-fuerth/,18000.0,https://www.google.com/search?q=Sportpark+Ronhof+|+Thomas+Sommer+capacity
341,Spotland,https://www.worldfootball.net/venues/spotland-rochdale/,10249.0,https://www.google.com/search?q=Spotland+capacity
342,St Andrew's Ground,https://www.worldfootball.net/venues/st-andrews-ground-birmingham/,30008.0,https://www.google.com/search?q=St+Andrew's+Ground+capacity
343,St James' Park,https://www.worldfootball.net/venues/st-james-park-newcastle/,52409.0,https://www.google.com/search?q=St+James'+Park+capacity
344,St. James Park,https://www.worldfootball.net/venues/st-james-park-exeter/,10570.0,https://www.google.com/search?q=St.+James+Park+capacity
345,Staaien,https://www.worldfootball.net/venues/staaien-sint-truiden/,14600.0,https://www.google.com/search?q=Staaien+capacity
346,Stade Ange Casanova,https://www.worldfootball.net/venues/stade-ange-casanova-ajaccio/,4045.0,https://www.google.com/search?q=Stade+Ange+Casanova+capacity
347,Stade Bauer,https://www.worldfootball.net/venues/stade-bauer-saint-ouen/,18000.0,https://www.google.com/search?q=Stade+Bauer+capacity
348,Stade Jean-Bouin,https://www.worldfootball.net/venues/stade-jean-bouin-paris/,20000.0,https://www.google.com/search?q=Stade+Jean-Bouin+capacity
349,Stade Louis II,https://www.worldfootball.net/venues/stade-louis-ii-monaco/,18524.0,https://www.google.com/search?q=Stade+Louis+II+capacity
350,Stade Lozai,https://www.worldfootball.net/venues/stade-lozai-petit-quevilly/,2500.0,https://www.google.com/search?q=Stade+Lozai+capacity
351,Stade Marcel-Verchère,https://www.worldfootball.net/venues/stade-marcel-verchere-bourg-en-bresse/,11368.0,https://www.google.com/search?q=Stade+Marcel-Verchère+capacity
352,Stade Municipal,https://www.worldfootball.net/venues/stade-municipal-toulouse/,33150.0,https://www.google.com/search?q=Stade+Municipal+capacity
353,Stade Municipal de Péronnas,https://www.worldfootball.net/venues/stade-municipal-de-peronnas-peronnas/,4800.0,https://www.google.com/search?q=Stade+Municipal+de+Péronnas+capacity
354,Stade Nord Lille Métropole,https://www.worldfootball.net/venues/stade-nord-lille-metropole-villeneuve-dascq/,22553.0,https://www.google.com/search?q=Stade+Nord+Lille+Métropole+capacity
355,Stade Océane,https://www.worldfootball.net/venues/stade-oceane-le-havre/,25178.0,https://www.google.com/search?q=Stade+Océane+capacity
356,Stade Parsemain,https://www.worldfootball.net/venues/stade-parsemain-istres/,17363.0,https://www.google.com/search?q=Stade+Parsemain+capacity
357,Stade Paul Lignon,https://www.worldfootball.net/venues/stade-paul-lignon-rodez/,5955.0,https://www.google.com/search?q=Stade+Paul+Lignon+capacity
358,Stade Pierre Mauroy,https://www.worldfootball.net/venues/stade-pierre-mauroy-villeneuve-dascq/,50186.0,https://www.google.com/search?q=Stade+Pierre+Mauroy+capacity
359,Stade Raymond-Kopa,https://www.worldfootball.net/venues/stade-raymond-kopa-angers/,16300.0,https://www.google.com/search?q=Stade+Raymond-Kopa+capacity
360,Stade Robert Diochon,https://www.worldfootball.net/venues/stade-robert-diochon-le-petit-quevilly/,12018.0,https://www.google.com/search?q=Stade+Robert+Diochon+capacity
361,Stade Sclessin,https://www.worldfootball.net/venues/stade-sclessin-liege/,30023.0,https://www.google.com/search?q=Stade+Sclessin+capacity
362,Stade Sébastien Charléty,https://www.worldfootball.net/venues/stade-sebastien-charlety-paris/,20000.0,https://www.google.com/search?q=Stade+Sébastien+Charléty+capacity
363,Stade de l'Aube,https://www.worldfootball.net/venues/stade-de-laube-troyes/,21877.0,https://www.google.com/search?q=Stade+de+l'Aube+capacity
364,Stade de la Libération,https://www.worldfootball.net/venues/stade-de-la-liberation-boulogne-sur-mer/,15004.0,https://www.google.com/search?q=Stade+de+la+Libération+capacity
365,Stade de la Méditerranée,https://www.worldfootball.net/venues/stade-de-la-mediterranee-beziers/,18555.0,https://www.google.com/search?q=Stade+de+la+Méditerranée+capacity
366,Stade de la Rabine,https://www.worldfootball.net/venues/stade-de-la-rabine-vannes/,6500.0,https://www.google.com/search?q=Stade+de+la+Rabine+capacity
367,Stade de la Source,https://www.worldfootball.net/venues/stade-de-la-source-orleans/,6833.0,https://www.google.com/search?q=Stade+de+la+Source+capacity
368,Stade des Alpes,https://www.worldfootball.net/venues/stade-des-alpes-grenoble/,20068.0,https://www.google.com/search?q=Stade+des+Alpes+capacity
369,Stade des Costières,https://www.worldfootball.net/venues/stade-des-costieres-nimes/,18482.0,https://www.google.com/search?q=Stade+des+Costières+capacity
370,Stade du Hainaut,https://www.worldfootball.net/venues/stade-du-hainaut-valenciennes/,25172.0,https://www.google.com/search?q=Stade+du+Hainaut+capacity
371,Stade du Moustoir,https://www.worldfootball.net/venues/stade-du-moustoir-lorient/,16910.0,https://www.google.com/search?q=Stade+du+Moustoir+capacity
372,Stade du Pays,https://www.worldfootball.net/venues/stade-du-pays-charleroi/,25826.0,https://www.google.com/search?q=Stade+du+Pays+capacity
373,Stadio Adriatico,https://www.worldfootball.net/venues/stadio-adriatico-pescara/,20515.0,https://www.google.com/search?q=Stadio+Adriatico+capacity
374,Stadio Comunale di Chiavari,https://www.worldfootball.net/venues/stadio-comunale-di-chiavari-chiavari/,2000.0,https://www.google.com/search?q=Stadio+Comunale+di+Chiavari+capacity
375,Stadio Francioni,https://www.worldfootball.net/venues/stadio-francioni-latina/,7191.0,https://www.google.com/search?q=Stadio+Francioni+capacity
376,Stadio Giuseppe Sinigaglia,https://www.worldfootball.net/venues/stadio-giuseppe-sinigaglia-como/,13602.0,https://www.google.com/search?q=Stadio+Giuseppe+Sinigaglia+capacity
377,Stadio Guido Biondi,https://www.worldfootball.net/venues/stadio-guido-biondi-lanciano/,4678.0,https://www.google.com/search?q=Stadio+Guido+Biondi+capacity
378,Stadio Leonardo Garilli,https://www.worldfootball.net/venues/stadio-leonardo-garilli-piacenza/,21608.0,https://www.google.com/search?q=Stadio+Leonardo+Garilli+capacity
379,Stadio Polisportivo Provinciale,https://www.worldfootball.net/venues/stadio-polisportivo-provinciale-trapani/,6766.0,https://www.google.com/search?q=Stadio+Polisportivo+Provinciale+capacity
380,Stadio San Francesco d'Assisi,https://www.worldfootball.net/venues/stadio-san-francesco-dassisi-nocera-inferiore/,6852.0,https://www.google.com/search?q=Stadio+San+Francesco+d'Assisi+capacity
381,Stadion Lohmühle,https://www.worldfootball.net/venues/stadion-lohmuehle-luebeck/,17869.0,https://www.google.com/search?q=Stadion+Lohmühle+capacity
382,Stadion der Freundschaft,https://www.worldfootball.net/venues/stadion-der-freundschaft-cottbus/,22528.0,https://www.google.com/search?q=Stadion+der+Freundschaft+capacity
383,Stadium News,https://www.worldfootball.net/venues/allianz-arena-muenchen/,75024.0,https://www.google.com/search?q=Stadium+News+capacity
384,Stadium News,https://www.worldfootball.net/venues/allianz-stadium-torino/,41254.0,https://www.google.com/search?q=Stadium+News+capacity
385,Stadium News,https://www.worldfootball.net/venues/anfield-liverpool/,54074.0,https://www.google.com/search?q=Stadium+News+capacity
386,Stadium News,https://www.worldfootball.net/venues/auguste-bonal-montbeliard/,20000.0,https://www.google.com/search?q=Stadium+News+capacity
387,Stadium News,https://www.worldfootball.net/venues/cegeka-arena-genk/,24956.0,https://www.google.com/search?q=Stadium+News+capacity
388,Stadium News,https://www.worldfootball.net/venues/celtic-park-glasgow/,60832.0,https://www.google.com/search?q=Stadium+News+capacity
389,Stadium News,https://www.worldfootball.net/venues/craven-cottage-london/,25700.0,https://www.google.com/search?q=Stadium+News+capacity
390,Stadium News,https://www.worldfootball.net/venues/diego-maradona-napoli/,60240.0,https://www.google.com/search?q=Stadium+News+capacity
391,Stadium News,https://www.worldfootball.net/venues/emirates-stadium-london/,60704.0,https://www.google.com/search?q=Stadium+News+capacity
392,Stadium News,https://www.worldfootball.net/venues/estadio-da-luz-lisboa/,65272.0,https://www.google.com/search?q=Stadium+News+capacity
393,Stadium News,https://www.worldfootball.net/venues/geoffroy-guichard-st-etienne/,35616.0,https://www.google.com/search?q=Stadium+News+capacity
394,Stadium News,https://www.worldfootball.net/venues/giuseppe-meazza-milano/,75923.0,https://www.google.com/search?q=Stadium+News+capacity
395,Stadium News,https://www.worldfootball.net/venues/goodison-park-liverpool/,40157.0,https://www.google.com/search?q=Stadium+News+capacity
396,Stadium News,https://www.worldfootball.net/venues/hillsborough-sheffield/,39859.0,https://www.google.com/search?q=Stadium+News+capacity
397,Stadium News,https://www.worldfootball.net/venues/la-mosson-montpellier/,32950.0,https://www.google.com/search?q=Stadium+News+capacity
398,Stadium News,https://www.worldfootball.net/venues/london-stadium-london/,60000.0,https://www.google.com/search?q=Stadium+News+capacity
399,Stadium News,https://www.worldfootball.net/venues/mapei-stadium-reggio-emilia/,20084.0,https://www.google.com/search?q=Stadium+News+capacity
400,Stadium News,https://www.worldfootball.net/venues/matmut-stadium-gerland-lyon/,41184.0,https://www.google.com/search?q=Stadium+News+capacity
401,Stadium News,https://www.worldfootball.net/venues/old-trafford-manchester/,74140.0,https://www.google.com/search?q=Stadium+News+capacity
402,Stadium News,https://www.worldfootball.net/venues/olimpico-roma/,70634.0,https://www.google.com/search?q=Stadium+News+capacity
403,Stadium News,https://www.worldfootball.net/venues/santiago-bernabeu-madrid/,81044.0,https://www.google.com/search?q=Stadium+News+capacity
404,Stadium News,https://www.worldfootball.net/venues/signal-iduna-park-dortmund/,81365.0,https://www.google.com/search?q=Stadium+News+capacity
405,Stadium News,https://www.worldfootball.net/venues/spotify-camp-nou-barcelona/,99354.0,https://www.google.com/search?q=Stadium+News+capacity
406,Stadium News,https://www.worldfootball.net/venues/stade-bollaert-delelis-lens/,41649.0,https://www.google.com/search?q=Stadium+News+capacity
407,Stadium News,https://www.worldfootball.net/venues/stade-credit-agricole-la-licorne-amiens/,12097.0,https://www.google.com/search?q=Stadium+News+capacity
408,Stadium News,https://www.worldfootball.net/venues/stade-de-france-paris-st-denis/,81338.0,https://www.google.com/search?q=Stadium+News+capacity
409,Stadium News,https://www.worldfootball.net/venues/stamford-bridge-london/,41837.0,https://www.google.com/search?q=Stadium+News+capacity
410,Stadium News,https://www.worldfootball.net/venues/tottenham-hotspur-stadium-london/,62062.0,https://www.google.com/search?q=Stadium+News+capacity
411,Stadium News,https://www.worldfootball.net/venues/vicente-calderon-madrid/,54851.0,https://www.google.com/search?q=Stadium+News+capacity
412,Stadium News,https://www.worldfootball.net/venues/wembley-stadium-london/,90000.0,https://www.google.com/search?q=Stadium+News+capacity
413,Stadium News,https://www.worldfootball.net/venues/white-hart-lane-london/,36284.0,https://www.google.com/search?q=Stadium+News+capacity
414,Stadium of Light,https://www.worldfootball.net/venues/stadium-of-light-sunderland/,49000.0,https://www.google.com/search?q=Stadium+of+Light+capacity
415,Stair Park,https://www.worldfootball.net/venues/stair-park-stranraer/,5600.0,https://www.google.com/search?q=Stair+Park+capacity
416,Stark's Park,https://www.worldfootball.net/venues/starks-park-kirkcaldy/,10104.0,https://www.google.com/search?q=Stark's+Park+capacity
417,Swansea.com Stadium,https://www.worldfootball.net/venues/swansea-com-stadium-swansea/,20750.0,https://www.google.com/search?q=Swansea.com+Stadium+capacity
418,Tannadice Park,https://www.worldfootball.net/venues/tannadice-park-dundee/,14209.0,https://www.google.com/search?q=Tannadice+Park+capacity
419,Technique Stadium,https://www.worldfootball.net/venues/technique-stadium-chesterfield/,10504.0,https://www.google.com/search?q=Technique+Stadium+capacity
420,Tevfik Sirri Gür Stadi,https://www.worldfootball.net/venues/tevfik-sirri-guer-stadi-mersin/,10128.0,https://www.google.com/search?q=Tevfik+Sirri+Gür+Stadi+capacity
421,The C&G Systems Stadium,https://www.worldfootball.net/venues/the-c-g-systems-stadium-dumbarton/,2025.0,https://www.google.com/search?q=The+C&G+Systems+Stadium+capacity
422,The Den,https://www.worldfootball.net/venues/the-den-london/,20146.0,https://www.google.com/search?q=The+Den+capacity
423,The Electrical Services Stadium,https://www.worldfootball.net/venues/the-electrical-services-stadium-aldershot/,7100.0,https://www.google.com/search?q=The+Electrical+Services+Stadium+capacity
424,The Energy Check Stadium,https://www.worldfootball.net/venues/the-energy-check-stadium-glasgow/,13079.0,https://www.google.com/search?q=The+Energy+Check+Stadium+capacity
425,The Hawthorns,https://www.worldfootball.net/venues/the-hawthorns-west-bromwich/,26445.0,https://www.google.com/search?q=The+Hawthorns+capacity
426,The Hive Stadium,https://www.worldfootball.net/venues/the-hive-stadium-london/,6500.0,https://www.google.com/search?q=The+Hive+Stadium+capacity
427,The Indodrill Stadium,https://www.worldfootball.net/venues/the-indodrill-stadium-alloa/,3100.0,https://www.google.com/search?q=The+Indodrill+Stadium+capacity
428,The New Lawn,https://www.worldfootball.net/venues/the-new-lawn-nailsworth/,5140.0,https://www.google.com/search?q=The+New+Lawn+capacity
429,The SMISA Stadium,https://www.worldfootball.net/venues/the-smisa-stadium-paisley/,8016.0,https://www.google.com/search?q=The+SMISA+Stadium+capacity
430,The Valley,https://www.worldfootball.net/venues/the-valley-london/,27111.0,https://www.google.com/search?q=The+Valley+capacity
431,Tivoli,https://www.worldfootball.net/venues/tivoli-aachen/,32900.0,https://www.google.com/search?q=Tivoli+capacity
432,Tony Macaroni Arena,https://www.worldfootball.net/venues/tony-macaroni-arena-livingston/,10016.0,https://www.google.com/search?q=Tony+Macaroni+Arena+capacity
433,Turf Moor,https://www.worldfootball.net/venues/turf-moor-burnley/,21944.0,https://www.google.com/search?q=Turf+Moor+capacity
434,Tynecastle,https://www.worldfootball.net/venues/tynecastle-edinburgh/,18000.0,https://www.google.com/search?q=Tynecastle+capacity
435,Underhill Stadium,https://www.worldfootball.net/venues/underhill-stadium-barnet/,6023.0,https://www.google.com/search?q=Underhill+Stadium+capacity
436,Unipol Domus,https://www.worldfootball.net/venues/unipol-domus-cagliari/,16416.0,https://www.google.com/search?q=Unipol+Domus+capacity
437,University of Bolton Stadium,https://www.worldfootball.net/venues/university-of-bolton-stadium-bolton/,28723.0,https://www.google.com/search?q=University+of+Bolton+Stadium+capacity
438,Upton Park,https://www.worldfootball.net/venues/upton-park-london/,35016.0,https://www.google.com/search?q=Upton+Park+capacity
439,Vale Park,https://www.worldfootball.net/venues/vale-park-stoke-on-trent/,23000.0,https://www.google.com/search?q=Vale+Park+capacity
440,Valley Parade,https://www.worldfootball.net/venues/valley-parade-bradford/,25136.0,https://www.google.com/search?q=Valley+Parade+capacity
441,Vallée du Cher,https://www.worldfootball.net/venues/vallee-du-cher-tours/,11912.0,https://www.google.com/search?q=Vallée+du+Cher+capacity
442,Veltins-Arena,https://www.worldfootball.net/venues/veltins-arena-gelsenkirchen/,62271.0,https://www.google.com/search?q=Veltins-Arena+capacity
443,Via del Mare,https://www.worldfootball.net/venues/via-del-mare-lecce/,33876.0,https://www.google.com/search?q=Via+del+Mare+capacity
444,Vicarage Road,https://www.worldfootball.net/venues/vicarage-road-watford/,22100.0,https://www.google.com/search?q=Vicarage+Road+capacity
445,Victoria Park,https://www.worldfootball.net/venues/victoria-park-hartlepool/,7629.0,https://www.google.com/search?q=Victoria+Park+capacity
446,Villa Park,https://www.worldfootball.net/venues/villa-park-birmingham/,42788.0,https://www.google.com/search?q=Villa+Park+capacity
447,Visit Mallorca Estadi,https://www.worldfootball.net/venues/visit-mallorca-estadi-palma-de-mallorca/,23142.0,https://www.google.com/search?q=Visit+Mallorca+Estadi+capacity
448,Vitality Stadium,https://www.worldfootball.net/venues/vitality-stadium-bournemouth/,11464.0,https://www.google.com/search?q=Vitality+Stadium+capacity
449,Vodafone Park,https://www.worldfootball.net/venues/vodafone-park-istanbul/,41903.0,https://www.google.com/search?q=Vodafone+Park+capacity
450,Voith-Arena,https://www.worldfootball.net/venues/voith-arena-heidenheim/,15000.0,https://www.google.com/search?q=Voith-Arena+capacity
451,Volksparkstadion,https://www.worldfootball.net/venues/volksparkstadion-hamburg/,57000.0,https://www.google.com/search?q=Volksparkstadion+capacity
452,Volkswagen Arena,https://www.worldfootball.net/venues/volkswagen-arena-wolfsburg/,30000.0,https://www.google.com/search?q=Volkswagen+Arena+capacity
453,Vonovia Ruhrstadion,https://www.worldfootball.net/venues/vonovia-ruhrstadion-bochum/,26000.0,https://www.google.com/search?q=Vonovia+Ruhrstadion+capacity
454,Vélodrome,https://www.worldfootball.net/venues/velodrome-marseille/,67394.0,https://www.google.com/search?q=Vélodrome+capacity
455,WWK ARENA,https://www.worldfootball.net/venues/wwk-arena-augsburg/,30660.0,https://www.google.com/search?q=WWK+ARENA+capacity
456,Weston Homes Stadium,https://www.worldfootball.net/venues/weston-homes-stadium-peterborough/,15314.0,https://www.google.com/search?q=Weston+Homes+Stadium+capacity
457,Wham Stadium,https://www.worldfootball.net/venues/wham-stadium-accrington/,5057.0,https://www.google.com/search?q=Wham+Stadium+capacity
458,Withdean Stadium,https://www.worldfootball.net/venues/withdean-stadium-brighton/,8850.0,https://www.google.com/search?q=Withdean+Stadium+capacity
459,Wohninvest Weserstadion,https://www.worldfootball.net/venues/wohninvest-weserstadion-bremen/,42100.0,https://www.google.com/search?q=Wohninvest+Weserstadion+capacity
460,Yeni 4 Eylül,https://www.worldfootball.net/venues/yeni-4-eyluel-sivas/,27532.0,https://www.google.com/search?q=Yeni+4+Eylül+capacity
461,Yeni Malatya Stadyumu,https://www.worldfootball.net/venues/yeni-malatya-stadyumu-malatya/,25000.0,https://www.google.com/search?q=Yeni+Malatya+Stadyumu+capacity
462,bet365 Stadium,https://www.worldfootball.net/venues/bet365-stadium-stoke-on-trent/,30089.0,https://www.google.com/search?q=bet365+Stadium+capacity
463,flyeralarm Arena,https://www.worldfootball.net/venues/flyeralarm-arena-wuerzburg/,13138.0,https://www.google.com/search?q=flyeralarm+Arena+capacity
464,stadium:mk,https://www.worldfootball.net/venues/stadium-mk-milton-keynes/,22000.0,https://www.google.com/search?q=stadium:mk+capacity
465,Çaykur Didi Stadyumu,https://www.worldfootball.net/venues/caykur-didi-stadyumu-rize/,15197.0,https://www.google.com/search?q=Çaykur+Didi+Stadyumu+capacity
466,Éstadio Dom Afonso Henriques,https://www.worldfootball.net/venues/estadio-dom-afonso-henriques-guimaraes/,29644.0,https://www.google.com/search?q=Éstadio+Dom+Afonso+Henriques+capacity
467,Éstadio dos Barreiros,https://www.worldfootball.net/venues/estadio-dos-barreiros-funchal/,10932.0,https://www.google.com/search?q=Éstadio+dos+Barreiros+capacity
468,Şükrü Saracoğlu,https://www.worldfootball.net/venues/suekrue-saracoglu-istanbul/,50509.0,https://www.google.com/search?q=Şükrü+Saracoğlu+capacity
